<!DOCTYPE module PUBLIC "-//Puppy Crawl//DTD Check Configuration 1.3//EN" "http://www.puppycrawl.com/dtds/configuration_1_3.dtd">
<module name="Checker">
    <module name = "LineLength">
        <property name = "max" value = "200"/>
        <property name = "ignorePattern" value = "^package.*|^import.*|https://"/>
    </module>
    <module name="TreeWalker">
        <module name="AvoidStarImport"/>
        <module name="LeftCurly"/>
        <module name="RightCurly"/>
        <module name="NeedBraces"/>
        <module name="whitespaceAfter"/>
        <module name="whitespaceAround"/>
        <module name="unusedImports"/>
        <module name="EmptyBlock"/>
    </module>
</module>